OBJECTID,STATEFP20,COUNTYFP20,TRACTCE20,TRACT GEO ID,NAME20,NAMELSAD20,MTFCC20,FUNCSTAT20,ALAND20,AWATER20,INTPTLAT20,INTPTLON20,Shape_Leng,Tract Label,Shape__Area,Shape__Length
1,53,033,000101,53033000101,1.01,Census Tract,G5020,S,414848,0,+47.7301150,-122.2930741,8662.10098025,Tract 000101,4465061.73980713,8662.10098024818
2,53,033,000102,53033000102,1.02,Census Tract,G5020,S,1495019,918878,+47.7247297,-122.2845705,22442.9145766,Tract 000102,25981033.7877808,22442.9145766585
3,53,033,000201,53033000201,2.01,Census Tract,G5020,S,1806749,0,+47.7263725,-122.3160435,18651.5944507,Tract 000201,19446251.042511,18651.5944507351
4,53,033,000202,53033000202,2.02,Census Tract,G5020,S,1480085,0,+47.7269637,-122.3026174,17285.8533324,Tract 000202,15930357.3875427,17285.8533323492
5,53,033,000300,53033000300,3,Census Tract,G5020,S,1211013,0,+47.7305259,-122.3329277,17298.1521487,Tract 000300,13034275.5626831,17298.1521486714
6,53,033,000402,53033000402,4.02,Census Tract,G5020,S,1798938,0,+47.7168585,-122.3523664,21397.1752982,Tract 000402,19362220.5230408,21397.1752981829
7,53,033,000403,53033000403,4.03,Census Tract,G5020,S,669384,62871,+47.7279716,-122.3536298,14097.2150606,Tract 000403,7881373.50958252,14097.2150606364
8,53,033,000404,53033000404,4.04,Census Tract,G5020,S,599476,31541,+47.7329839,-122.3497477,12962.8073955,Tract 000404,6791703.23275757,12962.8073954945
9,53,033,000500,53033000500,5,Census Tract,G5020,S,2898252,953717,+47.7224094,-122.3710555,29311.1206806,Tract 000500,41459300.0868225,29311.1206805998
10,53,033,000601,53033000601,6.01,Census Tract,G5020,S,1431268,0,+47.7167031,-122.3232436,20078.9564759,Tract 000601,15404952.58255,20078.9564759528
11,53,033,000602,53033000602,6.02,Census Tract,G5020,S,2355577,55191,+47.7188129,-122.3363779,23221.7047501,Tract 000602,25947507.8615417,23221.7047501457
12,53,033,000700,53033000700,7,Census Tract,G5020,S,1294438,0,+47.7156896,-122.3018611,16134.0299149,Tract 000700,13932242.3934937,16134.0299149314
13,53,033,000800,53033000800,8,Census Tract,G5020,S,1141931,0,+47.7112517,-122.2860818,15312.0874646,Tract 000800,12290810.0238037,15312.0874645682
14,53,033,000900,53033000900,9,Census Tract,G5020,S,1004853,1849039,+47.7080031,-122.2748976,27230.7853902,Tract 000900,30716929.0792236,27230.7853901992
15,53,033,001000,53033001000,10,Census Tract,G5020,S,954203,0,+47.7064073,-122.2960632,13147.0305998,Tract 001000,10270271.6851196,13147.0305998035
16,53,033,001100,53033001100,11,Census Tract,G5020,S,1060685,0,+47.7065465,-122.3068060,14159.1273466,Tract 001100,11416399.5889587,14159.1273465481
17,53,033,001201,53033001201,12.01,Census Tract,G5020,S,1008240,0,+47.7079921,-122.3273315,15899.7733431,Tract 001201,10851861.641449,15899.7733430381
18,53,033,001202,53033001202,12.02,Census Tract,G5020,S,821426,0,+47.7060217,-122.3172561,13324.9900925,Tract 001202,8841145.88357544,13324.9900925436
19,53,033,001300,53033001300,13,Census Tract,G5020,S,1180877,0,+47.7022935,-122.3421875,14881.0870453,Tract 001300,12710036.9898682,14881.0870453246
20,53,033,001400,53033001400,14,Census Tract,G5020,S,2152767,213389,+47.7078795,-122.3674088,34964.7677739,Tract 001400,25467334.4663086,34964.7677738941
21,53,033,001500,53033001500,15,Census Tract,G5020,S,1167711,526885,+47.6979702,-122.3952683,19732.5667478,Tract 001500,18239275.9328308,19732.5667478298
22,53,033,001600,53033001600,16,Census Tract,G5020,S,2020358,320118,+47.7004649,-122.3798699,24422.8202749,Tract 001600,25190946.9279175,24422.8202748757
23,53,033,001701,53033001701,17.01,Census Tract,G5020,S,892768,0,+47.6963619,-122.3544843,17164.4547776,Tract 001701,9609026.08462524,17164.4547776719
24,53,033,001702,53033001702,17.02,Census Tract,G5020,S,1280220,0,+47.6965211,-122.3639488,17476.4075143,Tract 001702,13779275.7611389,17476.407514377
25,53,033,001800,53033001800,18,Census Tract,G5020,S,946085,0,+47.6940568,-122.3419681,13946.1000282,Tract 001800,10182882.271698,13946.1000282278
26,53,033,001900,53033001900,19,Census Tract,G5020,S,1667272,0,+47.6965229,-122.3262226,18948.4812689,Tract 001900,17945171.5237732,18948.4812688867
27,53,033,002000,53033002000,20,Census Tract,G5020,S,1103313,28680,+47.6953310,-122.3108025,15509.5457093,Tract 002000,12183878.8232422,15509.5457092937
28,53,033,002100,53033002100,21,Census Tract,G5020,S,1365468,0,+47.6953673,-122.2980453,16139.9218598,Tract 002100,14696796.7441101,16139.9218597619
29,53,033,002200,53033002200,22,Census Tract,G5020,S,2804076,1154953,+47.6941159,-122.2754574,39974.1058687,Tract 002200,42611837.5589294,39974.1058687505
30,53,033,002400,53033002400,24,Census Tract,G5020,S,962528,0,+47.6866167,-122.2879303,13151.7125245,Tract 002400,10359919.7831116,13151.7125245021
31,53,033,002500,53033002500,25,Census Tract,G5020,S,984334,0,+47.6838969,-122.3022793,16442.968587,Tract 002500,10594634.2979126,16442.9685869349
32,53,033,002600,53033002600,26,Census Tract,G5020,S,1216627,28175,+47.6822031,-122.3113993,15933.9379002,Tract 002600,13398040.1758423,15933.937900171
33,53,033,002700,53033002700,27,Census Tract,G5020,S,1584847,0,+47.6868572,-122.3310895,21942.8352784,Tract 002700,17058079.2769775,21942.8352783497
34,53,033,002800,53033002800,28,Census Tract,G5020,S,988287,0,+47.6851257,-122.3498985,13201.311298,Tract 002800,10637151.8215942,13201.3112979881
35,53,033,002900,53033002900,29,Census Tract,G5020,S,986209,0,+47.6850872,-122.3606466,13366.3196709,Tract 002900,10614791.1059265,13366.3196709506
36,53,033,003000,53033003000,30,Census Tract,G5020,S,1493249,0,+47.6850958,-122.3740444,16061.9476209,Tract 003000,16072222.0090027,16061.9476208367
37,53,033,003100,53033003100,31,Census Tract,G5020,S,2236733,472744,+47.6877574,-122.3964308,27799.7581428,Tract 003100,29162680.1231384,27799.7581428867
38,53,033,003201,53033003201,32.01,Census Tract,G5020,S,1152079,1354300,+47.6752462,-122.4040825,28928.9486038,Tract 003201,26976829.097229,28928.9486037646
39,53,033,003202,53033003202,32.02,Census Tract,G5020,S,956016,0,+47.6752342,-122.3942667,12945.3948644,Tract 003202,10289818.4569397,12945.3948643847
40,53,033,003301,53033003301,33.01,Census Tract,G5020,S,669207,0,+47.6759370,-122.3820154,11177.1813262,Tract 003301,7202858.49365234,11177.1813262031
41,53,033,003302,53033003302,33.02,Census Tract,G5020,S,627071,0,+47.6760080,-122.3712585,10550.8179265,Tract 003302,6749336.48602295,10550.8179265341
42,53,033,003400,53033003400,34,Census Tract,G5020,S,787161,0,+47.6740646,-122.3617462,12629.3229336,Tract 003400,8472471.71472168,12629.3229335645
43,53,033,003500,53033003500,35,Census Tract,G5020,S,1284745,0,+47.6725466,-122.3520880,16634.3489621,Tract 003500,13828061.6663513,16634.3489621039
44,53,033,003601,53033003601,36.01,Census Tract,G5020,S,674139,0,+47.6749093,-122.3260430,11894.2888949,Tract 003601,7255879.06808472,11894.288894892
45,53,033,003602,53033003602,36.02,Census Tract,G5020,S,522326,0,+47.6801362,-122.3218336,11471.0943824,Tract 003602,5621886.08477783,11471.0943824154
46,53,033,003800,53033003800,38,Census Tract,G5020,S,624606,0,+47.6794093,-122.2955292,10392.5315541,Tract 003800,6722791.39419556,10392.5315540705
47,53,033,003900,53033003900,39,Census Tract,G5020,S,973808,0,+47.6794117,-122.2823414,13200.9092051,Tract 003900,10481334.9801331,13200.9092050944
48,53,033,004000,53033004000,40,Census Tract,G5020,S,2574586,3232248,+47.6817180,-122.2523680,39161.1364823,Tract 004000,62500419.0625,39161.136482331
49,53,033,004101,53033004101,41.01,Census Tract,G5020,S,1601973,3290570,+47.6606400,-122.2694346,35452.4720983,Tract 004101,52660017.193634,35452.472098306
50,53,033,004102,53033004102,41.02,Census Tract,G5020,S,1689910,2027249,+47.6737465,-122.2517500,33734.4713509,Tract 004102,40008776.4894714,33734.4713509189
51,53,033,004201,53033004201,42.01,Census Tract,G5020,S,1244114,0,+47.6716240,-122.2775990,18286.1439211,Tract 004201,13390664.2678833,18286.1439210904
52,53,033,004202,53033004202,42.02,Census Tract,G5020,S,1220977,0,+47.6687521,-122.2907266,15651.6663664,Tract 004202,13141688.4515991,15651.66636633
53,53,033,004301,53033004301,43.01,Census Tract,G5020,S,979236,0,+47.6694019,-122.3002215,17192.7037498,Tract 004301,10539780.5729065,17192.7037498235
54,53,033,004302,53033004302,43.02,Census Tract,G5020,S,331137,0,+47.6647387,-122.3035964,7987.2744192,Tract 004302,3564115.67004395,7987.27441919877
55,53,033,004401,53033004401,44.01,Census Tract,G5020,S,694919,0,+47.6712710,-122.3107454,12948.9751358,Tract 004401,7479571.76144409,12948.9751357939
56,53,033,004402,53033004402,44.02,Census Tract,G5020,S,294988,0,+47.6681501,-122.3147285,7487.97985687,Tract 004402,3175021.43347168,7487.97985687244
57,53,033,004500,53033004500,45,Census Tract,G5020,S,670997,0,+47.6685824,-122.3229111,11018.3020935,Tract 004500,7222109.88800049,11018.3020935187
58,53,033,004600,53033004600,46,Census Tract,G5020,S,1552358,1033232,+47.6830920,-122.3378674,25514.2239991,Tract 004600,27829368.7581177,25514.2239990923
59,53,033,004701,53033004701,47.01,Census Tract,G5020,S,571393,176916,+47.6654796,-122.3828943,13799.0876254,Tract 004701,8054301.31393433,13799.0876254093
60,53,033,004702,53033004702,47.02,Census Tract,G5020,S,266414,0,+47.6705130,-122.3778052,6956.44967488,Tract 004702,2867507.73431396,6956.44967487583
61,53,033,004703,53033004703,47.03,Census Tract,G5020,S,1188631,155567,+47.6643472,-122.3721352,18210.0891969,Tract 004703,14467955.0325623,18210.0891968924
62,53,033,004800,53033004800,48,Census Tract,G5020,S,1278329,26886,+47.6608472,-122.3601847,18971.6615702,Tract 004800,14048449.2021484,18971.6615701505
63,53,033,004901,53033004901,49.01,Census Tract,G5020,S,497144,0,+47.6613804,-122.3513529,9379.65576685,Tract 004901,5350888.21548462,9379.65576686192
64,53,033,004902,53033004902,49.02,Census Tract,G5020,S,597604,17368,+47.6527830,-122.3506012,11198.1866298,Tract 004902,6619147.79391479,11198.1866298232
65,53,033,005000,53033005000,50,Census Tract,G5020,S,757380,0,+47.6608696,-122.3418076,11560.1480115,Tract 005000,8151942.29486084,11560.1480115216
66,53,033,005100,53033005100,51,Census Tract,G5020,S,881731,0,+47.6585183,-122.3322480,13462.5915467,Tract 005100,9490350.15292358,13462.5915467208
67,53,033,005201,53033005201,52.01,Census Tract,G5020,S,699701,73218,+47.6595743,-122.3245993,16063.5042536,Tract 005201,8319183.20352173,16063.5042535601
68,53,033,005202,53033005202,52.02,Census Tract,G5020,S,269234,19268,+47.6567013,-122.3203201,7939.7192035,Tract 005202,3105250.11929321,7939.71920349071
69,53,033,005303,53033005303,53.03,Census Tract,G5020,S,2432843,749176,+47.6540399,-122.3012544,24805.7959425,Tract 005303,34249105.9159546,24805.7959425034
70,53,033,005304,53033005304,53.04,Census Tract,G5020,S,73030,0,+47.6561001,-122.3150258,4083.12606627,Tract 005304,786047.098144531,4083.12606625015
71,53,033,005305,53033005305,53.05,Census Tract,G5020,S,212967,0,+47.6590644,-122.3148784,6048.60922234,Tract 005305,2292236.61636353,6048.60922233442
72,53,033,005306,53033005306,53.06,Census Tract,G5020,S,200489,0,+47.6630891,-122.3141376,5954.87262312,Tract 005306,2157906.05783081,5954.87262315274
73,53,033,005307,53033005307,53.07,Census Tract,G5020,S,130030,0,+47.6630600,-122.3086776,4758.85069027,Tract 005307,1399526.47976685,4758.85069025316
74,53,033,005401,53033005401,54.01,Census Tract,G5020,S,756239,615226,+47.6475292,-122.3381077,18798.5654563,Tract 005401,14761543.7078857,18798.5654562551
75,53,033,005402,53033005402,54.02,Census Tract,G5020,S,463900,0,+47.6541050,-122.3411359,10063.797847,Tract 005402,4993141.86450195,10063.7978469404
76,53,033,005600,53033005600,56,Census Tract,G5020,S,3022785,1546484,+47.6405468,-122.4071053,33933.6236542,Tract 005600,49180655.0389099,33933.6236542036
77,53,033,005700,53033005700,57,Census Tract,G5020,S,5085640,2365806,+47.6581015,-122.4137704,49994.6114108,Tract 005700,80202146.0765991,49994.6114108053
78,53,033,005801,53033005801,58.01,Census Tract,G5020,S,1822365,260223,+47.6548926,-122.3850376,21075.7590053,Tract 005801,22415556.1698914,21075.759005361
79,53,033,005803,53033005803,58.03,Census Tract,G5020,S,832097,0,+47.6424544,-122.3878383,17129.1988103,Tract 005803,8956173.42440796,17129.198810352
80,53,033,005804,53033005804,58.04,Census Tract,G5020,S,2334443,1169687,+47.6319354,-122.3774788,37828.3299803,Tract 005804,37716271.7333984,37828.3299803885
81,53,033,005901,53033005901,59.01,Census Tract,G5020,S,778385,173882,+47.6530716,-122.3696366,16252.0563135,Tract 005901,10249553.110321,16252.0563134814
82,53,033,005902,53033005902,59.02,Census Tract,G5020,S,1022976,0,+47.6444414,-122.3684358,15184.2205727,Tract 005902,11010649.8948364,15184.2205727097
83,53,033,006000,53033006000,60,Census Tract,G5020,S,1340653,160754,+47.6432313,-122.3527936,19181.1917346,Tract 006000,16160202.9935303,19181.1917346214
84,53,033,006100,53033006100,61,Census Tract,G5020,S,1198411,681782,+47.6444403,-122.3222647,22036.092007,Tract 006100,20237160.4399109,22036.0920069653
85,53,033,006200,53033006200,62,Census Tract,G5020,S,2437426,239356,+47.6391316,-122.3012264,35779.2924275,Tract 006200,28811213.4780884,35779.2924274954
86,53,033,006300,53033006300,63,Census Tract,G5020,S,2610569,3533560,+47.6350162,-122.2767793,38400.5540448,Tract 006300,66131582.0465698,38400.5540448357
87,53,033,006400,53033006400,64,Census Tract,G5020,S,903649,0,+47.6285398,-122.3048258,13186.7701845,Tract 006400,9726351.90380859,13186.7701844569
88,53,033,006500,53033006500,65,Census Tract,G5020,S,1147619,0,+47.6309633,-122.3177579,17921.5013322,Tract 006500,12352257.7563171,17921.501332221
89,53,033,006600,53033006600,66,Census Tract,G5020,S,1109813,838435,+47.6280900,-122.3312907,19719.4620533,Tract 006600,20969750.7559204,19719.4620532453
90,53,033,006701,53033006701,67.01,Census Tract,G5020,S,380256,105441,+47.6324360,-122.3407805,11330.9765212,Tract 006701,5227746.33404541,11330.9765212479
91,53,033,006702,53033006702,67.02,Census Tract,G5020,S,304748,0,+47.6273058,-122.3456689,8593.86490466,Tract 006702,3280147.99505615,8593.86490468658
92,53,033,006703,53033006703,67.03,Census Tract,G5020,S,597133,0,+47.6345035,-122.3473591,10846.4930445,Tract 006703,6427171.8838501,10846.4930444952
93,53,033,006800,53033006800,68,Census Tract,G5020,S,718106,0,+47.6360306,-122.3564653,11275.377348,Tract 006800,7729250.27151489,11275.3773479767
94,53,033,006900,53033006900,69,Census Tract,G5020,S,905121,0,+47.6343813,-122.3669907,15666.5439545,Tract 006900,9742176.64974976,15666.5439544414
95,53,033,007001,53033007001,70.01,Census Tract,G5020,S,358281,0,+47.6278767,-122.3603612,9530.30256857,Tract 007001,3856290.05010986,9530.30256856354
96,53,033,007002,53033007002,70.02,Census Tract,G5020,S,441021,0,+47.6285230,-122.3541023,9490.79905736,Tract 007002,4746869.84524536,9490.79905737079
97,53,033,007101,53033007101,71.01,Census Tract,G5020,S,495054,0,+47.6216965,-122.3530304,9004.94722654,Tract 007101,5328474.60687256,9004.9472265271
98,53,033,007102,53033007102,71.02,Census Tract,G5020,S,335908,0,+47.6231794,-122.3626414,11499.9407457,Tract 007102,3615500.89794922,11499.9407456456
99,53,033,007201,53033007201,72.01,Census Tract,G5020,S,150744,0,+47.6171374,-122.3460833,5873.21651065,Tract 007201,1622558.90011597,5873.21651064079
100,53,033,007202,53033007202,72.02,Census Tract,G5020,S,280585,0,+47.6153600,-122.3405780,7591.70188345,Tract 007202,3020075.66329956,7591.70188344788
101,53,033,007203,53033007203,72.03,Census Tract,G5020,S,579631,0,+47.6220291,-122.3435701,12493.9648042,Tract 007203,6238804.94302368,12493.9648041684
102,53,033,007301,53033007301,73.01,Census Tract,G5020,S,250787,0,+47.6219263,-122.3308665,7422.61069282,Tract 007301,2699344.10800171,7422.6106928223
103,53,033,007302,53033007302,73.02,Census Tract,G5020,S,312981,0,+47.6163784,-122.3341111,7802.42635391,Tract 007302,3368769.26528931,7802.42635391182
104,53,033,007303,53033007303,73.03,Census Tract,G5020,S,313527,0,+47.6219789,-122.3358320,7984.863522,Tract 007303,3374596.39300537,7984.86352197545
105,53,033,007403,53033007403,74.03,Census Tract,G5020,S,118559,0,+47.6228951,-122.3227163,5227.49528679,Tract 007403,1276089.06906128,5227.49528678764
106,53,033,007404,53033007404,74.04,Census Tract,G5020,S,153725,0,+47.6230967,-122.3264852,5775.69998669,Tract 007404,1654579.82757568,5775.69998668838
107,53,033,007405,53033007405,74.05,Census Tract,G5020,S,131830,0,+47.6180293,-122.3235972,5012.79869003,Tract 007405,1418974.04171753,5012.79869002395
108,53,033,007406,53033007406,74.06,Census Tract,G5020,S,150829,0,+47.6193203,-122.3260062,6764.47724113,Tract 007406,1623443.82739258,6764.47724113444
109,53,033,007501,53033007501,75.01,Census Tract,G5020,S,298283,0,+47.6221056,-122.3167948,7219.62364176,Tract 007501,3210519.93664551,7219.62364176037
110,53,033,007502,53033007502,75.02,Census Tract,G5020,S,315931,0,+47.6176046,-122.3167930,7403.62929267,Tract 007502,3400503.55508423,7403.62929266713
111,53,033,007503,53033007503,75.03,Census Tract,G5020,S,187541,0,+47.6138039,-122.3171870,6484.38948227,Tract 007503,2018614.36816406,6484.3894822822
112,53,033,007600,53033007600,76,Census Tract,G5020,S,571882,0,+47.6218678,-122.3075858,9906.36833564,Tract 007600,6155389.38903809,9906.36833561174
113,53,033,007700,53033007700,77,Census Tract,G5020,S,1058322,0,+47.6191203,-122.2973516,15242.2097595,Tract 007700,11391208.219574,15242.2097595573
114,53,033,007800,53033007800,78,Census Tract,G5020,S,2097740,3632914,+47.6141558,-122.2810958,36419.0597735,Tract 007800,61681580.6920166,36419.0597734407
115,53,033,007901,53033007901,79.01,Census Tract,G5020,S,267231,0,+47.6144349,-122.3108156,7879.4043395,Tract 007901,2876299.5020752,7879.40433948863
116,53,033,007902,53033007902,79.02,Census Tract,G5020,S,431244,0,+47.6143565,-122.3057243,9715.1208774,Tract 007902,4641637.79998779,9715.120877411
117,53,033,008002,53033008002,80.02,Census Tract,G5020,S,234314,0,+47.6120898,-122.3453618,7998.38246588,Tract 008002,2522029.80841064,7998.38246587897
118,53,033,008003,53033008003,80.03,Census Tract,G5020,S,197152,0,+47.6161316,-122.3495916,8720.9994215,Tract 008003,2122043.71121216,8720.99942149909
119,53,033,008004,53033008004,80.04,Census Tract,G5020,S,284626,526767,+47.6150718,-122.3552018,16143.1813283,Tract 008004,8733362.41656494,16143.181328313
120,53,033,008101,53033008101,81.01,Census Tract,G5020,S,270324,277671,+47.6074716,-122.3427956,11596.7020717,Tract 008101,5898349.55517578,11596.702071767
121,53,033,008102,53033008102,81.02,Census Tract,G5020,S,556705,91220,+47.6052820,-122.3360120,15148.0967902,Tract 008102,6973948.96520996,15148.0967902168
122,53,033,008200,53033008200,82,Census Tract,G5020,S,375785,0,+47.6102887,-122.3318896,9102.14034148,Tract 008200,4044773.82574463,9102.14034150719
123,53,033,008300,53033008300,83,Census Tract,G5020,S,237955,0,+47.6118181,-122.3280064,8632.13489441,Tract 008300,2561276.49780273,8632.13489445719
124,53,033,008401,53033008401,84.01,Census Tract,G5020,S,250921,0,+47.6123725,-122.3226009,9275.81826751,Tract 008401,2700766.60931396,9275.81826749947
125,53,033,008402,53033008402,84.02,Census Tract,G5020,S,145446,0,+47.6148658,-122.3260059,5220.86848686,Tract 008402,1565507.71511841,5220.86848683917
126,53,033,008500,53033008500,85,Census Tract,G5020,S,450978,0,+47.6049717,-122.3249555,9025.58161467,Tract 008500,4854121.31945801,9025.58161466898
127,53,033,008600,53033008600,86,Census Tract,G5020,S,711350,0,+47.6071013,-122.3166895,11640.7206126,Tract 008600,7656616.6257019,11640.7206126426
128,53,033,008700,53033008700,87,Census Tract,G5020,S,732385,0,+47.6059236,-122.3077909,11432.3842124,Tract 008700,7883013.1696167,11432.3842123549
129,53,033,008800,53033008800,88,Census Tract,G5020,S,948581,0,+47.6073299,-122.2976324,13202.526857,Tract 008800,10210038.8580627,13202.5268569688
130,53,033,008900,53033008900,89,Census Tract,G5020,S,1270033,1798066,+47.6010291,-122.2852290,27578.1734334,Tract 008900,33023503.5929565,27578.1734333766
131,53,033,009000,53033009000,90,Census Tract,G5020,S,855872,0,+47.5980274,-122.3089020,14319.1029916,Tract 009000,9212173.19702148,14319.10299161
132,53,033,009100,53033009100,91,Census Tract,G5020,S,410621,0,+47.5983847,-122.3217349,10608.3854115,Tract 009100,4419685.26586914,10608.3854115385
133,53,033,009200,53033009200,92,Census Tract,G5020,S,338451,154864,+47.6004609,-122.3335323,13268.5892366,Tract 009200,5309810.06643677,13268.5892366226
134,53,033,009300,53033009300,93,Census Tract,G5020,S,9444110,639051,+47.5771253,-122.3309360,49011.1866485,Tract 009300,108530722.94986,49011.1866484861
135,53,033,009400,53033009400,94,Census Tract,G5020,S,1686311,0,+47.5880988,-122.3099702,18874.5831831,Tract 009400,18150625.6755524,18874.5831831263
136,53,033,009500,53033009500,95,Census Tract,G5020,S,2597717,2916270,+47.5783426,-122.2831943,35036.6654157,Tract 009500,59350038.3549194,35036.6654156824
137,53,033,009600,53033009600,96,Census Tract,G5020,S,1906922,1385222,+47.5899898,-122.3882351,24828.047593,Tract 009600,35435085.6145935,24828.0475929891
138,53,033,009701,53033009701,97.01,Census Tract,G5020,S,1861358,1607123,+47.5731929,-122.4101745,32892.4220378,Tract 009701,37333296.4039764,32892.4220378218
139,53,033,009702,53033009702,97.02,Census Tract,G5020,S,2220441,0,+47.5719337,-122.3960103,28258.7625684,Tract 009702,23899907.4261322,28258.7625685094
140,53,033,009801,53033009801,98.01,Census Tract,G5020,S,1004708,0,+47.5762555,-122.3831430,13291.5490833,Tract 009801,10814248.9398804,13291.5490833089
141,53,033,009802,53033009802,98.02,Census Tract,G5020,S,922319,0,+47.5672342,-122.3830567,12982.754934,Tract 009802,9927510.52313232,12982.7549339442
142,53,033,009900,53033009900,99,Census Tract,G5020,S,6565170,2370735,+47.5794536,-122.3550326,47330.8254936,Tract 009900,96182325.0415802,47330.8254936307
143,53,033,010001,53033010001,100.01,Census Tract,G5020,S,2267156,60359,+47.5673069,-122.3043618,25628.9245317,Tract 010001,25052474.6051941,25628.9245317068
144,53,033,010002,53033010002,100.02,Census Tract,G5020,S,948077,0,+47.5765865,-122.3095716,13732.7653894,Tract 010002,10204645.6443481,13732.7653893922
145,53,033,010101,53033010101,101.01,Census Tract,G5020,S,871622,0,+47.5657253,-122.2906975,15311.6567051,Tract 010101,9381810.13050842,15311.6567050539
146,53,033,010102,53033010102,101.02,Census Tract,G5020,S,1623225,2170065,+47.5660585,-122.2688521,30706.1024251,Tract 010102,40829514.8325958,30706.1024250516
147,53,033,010200,53033010200,102,Census Tract,G5020,S,2795533,2076618,+47.5564564,-122.2517138,32354.3585864,Tract 010200,52442196.7384338,32354.3585863597
148,53,033,010301,53033010301,103.01,Census Tract,G5020,S,1002658,0,+47.5521545,-122.2805848,16924.3685148,Tract 010301,10792262.4648743,16924.3685147391
149,53,033,010302,53033010302,103.02,Census Tract,G5020,S,632167,0,+47.5573770,-122.2858807,11267.2532001,Tract 010302,6804418.7505188,11267.2532000811
150,53,033,010401,53033010401,104.01,Census Tract,G5020,S,1629874,0,+47.5532095,-122.2955875,17342.9302014,Tract 010401,17543421.0290985,17342.9302014133
151,53,033,010402,53033010402,104.02,Census Tract,G5020,S,1742871,0,+47.5539478,-122.3101489,18925.0430066,Tract 010402,18759692.8947754,18925.0430065983
152,53,033,010501,53033010501,105.01,Census Tract,G5020,S,742016,0,+47.5576235,-122.3801107,12490.0968039,Tract 010501,7986746.71528625,12490.0968038986
153,53,033,010502,53033010502,105.02,Census Tract,G5020,S,975912,0,+47.5573014,-122.3896847,14546.1362419,Tract 010502,10504351.3418884,14546.136241938
154,53,033,010601,53033010601,106.01,Census Tract,G5020,S,1089233,0,+47.5459808,-122.3816984,14458.8369487,Tract 010601,11724162.3238525,14458.8369486603
155,53,033,010602,53033010602,106.02,Census Tract,G5020,S,1505061,817134,+47.5476919,-122.3967392,25295.5537043,Tract 010602,24995369.9867249,25295.5537042526
156,53,033,010701,53033010701,107.01,Census Tract,G5020,S,1457384,3664,+47.5451419,-122.3675265,21302.3651803,Tract 010701,15726285.7227173,21302.365180282
157,53,033,010702,53033010702,107.02,Census Tract,G5020,S,780115,0,+47.5467996,-122.3730587,14935.9302412,Tract 010702,8396926.79298401,14935.9302412351
158,53,033,010800,53033010800,108,Census Tract,G5020,S,4140525,322633,+47.5440342,-122.3498743,35902.6310473,Tract 010800,48039981.2288971,35902.6310474087
159,53,033,010900,53033010900,109,Census Tract,G5020,S,5389781,414929,+47.5408335,-122.3175563,37197.0489207,Tract 010900,62480158.7969971,37197.0489207147
160,53,033,011001,53033011001,110.01,Census Tract,G5020,S,1080391,0,+47.5384101,-122.2861704,16287.3553132,Tract 011001,11629041.0736389,16287.3553132083
161,53,033,011002,53033011002,110.02,Census Tract,G5020,S,1719569,0,+47.5405945,-122.2991995,22511.126765,Tract 011002,18508908.4573364,22511.1267650038
162,53,033,011101,53033011101,111.01,Census Tract,G5020,S,1136851,0,+47.5394734,-122.2773089,15552.0743494,Tract 011101,12236718.0847931,15552.0743493787
163,53,033,011102,53033011102,111.02,Census Tract,G5020,S,1303226,1143440,+47.5424632,-122.2604403,27213.6174154,Tract 011102,26335224.9094696,27213.6174153263
164,53,033,011200,53033011200,112,Census Tract,G5020,S,2483779,139646,+47.5296655,-122.3262393,26523.1992224,Tract 011200,28237858.9081726,26523.1992223997
165,53,033,011300,53033011300,113,Census Tract,G5020,S,3419308,42220,+47.5273623,-122.3435690,27177.7501083,Tract 011300,37259033.8862152,27177.7501082778
166,53,033,011401,53033011401,114.01,Census Tract,G5020,S,1233155,0,+47.5297061,-122.3620280,17478.0591594,Tract 011401,13273369.14328,17478.0591593697
167,53,033,011402,53033011402,114.02,Census Tract,G5020,S,1186191,0,+47.5206654,-122.3646254,17325.026274,Tract 011402,12767866.8524475,17325.0262739486
168,53,033,011500,53033011500,115,Census Tract,G5020,S,1538373,0,+47.5301833,-122.3755330,19887.3089363,Tract 011500,16558652.7528534,19887.3089363126
169,53,033,011601,53033011601,116.01,Census Tract,G5020,S,1554538,184845,+47.5235901,-122.3885434,22018.3466053,Tract 011601,18722267.9729004,22018.3466052909
170,53,033,011602,53033011602,116.02,Census Tract,G5020,S,1565825,786358,+47.5338344,-122.3952427,28931.9366916,Tract 011602,25318244.5126038,28931.9366915371
171,53,033,011700,53033011700,117,Census Tract,G5020,S,3515808,0,+47.5201682,-122.2828633,29531.8332366,Tract 011700,37843428.3739319,29531.8332365768
172,53,033,011801,53033011801,118.01,Census Tract,G5020,S,1160802,630417,+47.5278065,-122.2655724,19919.6320005,Tract 011801,19280233.2323761,19919.6320004744
173,53,033,011802,53033011802,118.02,Census Tract,G5020,S,1139611,1037832,+47.5187835,-122.2586613,21145.9270674,Tract 011802,23437535.0083923,21145.9270673704
174,53,033,011901,53033011901,119.01,Census Tract,G5020,S,1682374,0,+47.5049971,-122.2650093,20466.2077876,Tract 011901,18108773.092453,20466.2077876044
175,53,033,011902,53033011902,119.02,Census Tract,G5020,S,1580686,1217487,+47.5100217,-122.2442425,34317.1012843,Tract 011902,30119075.6381073,34317.1012842348
176,53,033,012000,53033012000,120,Census Tract,G5020,S,1437048,0,+47.5128928,-122.3806115,16728.8938804,Tract 012000,15468128.1950531,16728.8938803922
177,53,033,012100,53033012100,121,Census Tract,G5020,S,1739952,1380849,+47.5075950,-122.3873799,30213.7772521,Tract 012100,33591769.8055115,30213.777252101
178,53,033,020100,53033020100,201,Census Tract,G5020,S,1766031,691541,+47.7707111,-122.3873610,20599.7463716,Tract 020100,26450756.5059814,20599.7463715743
179,53,033,020200,53033020200,202,Census Tract,G5020,S,2591500,0,+47.7716671,-122.3633577,21926.3970359,Tract 020200,27892229.1009521,21926.397035933
180,53,033,020301,53033020301,203.01,Census Tract,G5020,S,1262275,35402,+47.7719079,-122.3410989,15860.0552346,Tract 020301,13966806.3558044,15860.0552346526
181,53,033,020302,53033020302,203.02,Census Tract,G5020,S,1294795,10048,+47.7673420,-122.3392599,15873.3360183,Tract 020302,14044025.4796448,15873.336018315
182,53,033,020401,53033020401,204.01,Census Tract,G5020,S,2313023,0,+47.7708201,-122.3195433,25087.9681769,Tract 020401,24894950.9633789,25087.9681768591
183,53,033,020402,53033020402,204.02,Census Tract,G5020,S,2789589,0,+47.7695042,-122.2970351,25234.6997476,Tract 020402,30024263.1874084,25234.699747624
184,53,033,020500,53033020500,205,Census Tract,G5020,S,2722041,0,+47.7562524,-122.3138057,23368.0342219,Tract 020500,29297340.9772949,23368.0342218862
185,53,033,020600,53033020600,206,Census Tract,G5020,S,1980828,0,+47.7559993,-122.3320996,19113.9590335,Tract 020600,21319644.7750854,19113.9590335298
186,53,033,020700,53033020700,207,Census Tract,G5020,S,1711190,0,+47.7561637,-122.3473227,18658.0659794,Tract 020700,18417504.662262,18658.0659794084
187,53,033,020800,53033020800,208,Census Tract,G5020,S,3299066,698711,+47.7569770,-122.3716178,34662.8721441,Tract 020800,43028094.1229858,34662.8721441162
188,53,033,020900,53033020900,209,Census Tract,G5020,S,4540884,636482,+47.7432786,-122.3639033,31796.8609969,Tract 020900,55724362.5917969,31796.8609968787
189,53,033,021000,53033021000,210,Census Tract,G5020,S,2629269,5753,+47.7396007,-122.3357847,21313.7621968,Tract 021000,28360921.4993286,21313.762196828
190,53,033,021100,53033021100,211,Census Tract,G5020,S,2619718,0,+47.7412054,-122.3128854,21355.357747,Tract 021100,28196257.0582886,21355.3577469841
191,53,033,021300,53033021300,213,Census Tract,G5020,S,1784010,1204136,+47.7402939,-122.2869560,28122.9353912,Tract 021300,32161666.5930176,28122.9353911457
192,53,033,021400,53033021400,214,Census Tract,G5020,S,3136342,265701,+47.7507662,-122.2924491,36082.147323,Tract 021400,36616282.8100281,36082.1473229854
193,53,033,021500,53033021500,215,Census Tract,G5020,S,3457612,438417,+47.7643848,-122.2737863,29077.8666091,Tract 021500,41932838.3499451,29077.8666091048
194,53,033,021600,53033021600,216,Census Tract,G5020,S,2863323,163654,+47.7670311,-122.2582787,27105.7641717,Tract 021600,32579323.0469055,27105.7641716617
195,53,033,021701,53033021701,217.01,Census Tract,G5020,S,2573147,0,+47.7709407,-122.2375721,28237.3096797,Tract 021701,27694634.4009705,28237.3096797054
196,53,033,021702,53033021702,217.02,Census Tract,G5020,S,3048769,0,+47.7587336,-122.2334798,32303.0169265,Tract 021702,32813874.1686707,32303.0169265156
197,53,033,021802,53033021802,218.02,Census Tract,G5020,S,4892727,0,+47.7674671,-122.1726224,30443.7742706,Tract 021802,52660251.4235229,30443.7742706219
198,53,033,021803,53033021803,218.03,Census Tract,G5020,S,3273126,0,+47.7644399,-122.2145092,30494.0999767,Tract 021803,35228599.5751038,30494.0999767302
199,53,033,021804,53033021804,218.04,Census Tract,G5020,S,3100405,0,+47.7657296,-122.1963089,25062.2978813,Tract 021804,33369564.4874878,25062.2978812218
200,53,033,021903,53033021903,219.03,Census Tract,G5020,S,3175189,10680,+47.7176653,-122.1788517,31217.6299767,Tract 021903,34289992.6990662,31217.6299767379
201,53,033,021904,53033021904,219.04,Census Tract,G5020,S,3419305,0,+47.7229154,-122.1615736,28648.8407091,Tract 021904,36802368.0631409,28648.8407090984
202,53,033,021905,53033021905,219.05,Census Tract,G5020,S,2683422,0,+47.7430044,-122.1814339,32440.7943682,Tract 021905,28881810.2502136,32440.7943682099
203,53,033,021906,53033021906,219.06,Census Tract,G5020,S,3783792,0,+47.7406439,-122.1648554,34159.3951094,Tract 021906,40725250.1564941,34159.395109327
204,53,033,022001,53033022001,220.01,Census Tract,G5020,S,4477540,0,+47.7453001,-122.1988962,31914.7480283,Tract 022001,48191982.0589294,31914.748028304
205,53,033,022003,53033022003,220.03,Census Tract,G5020,S,2254686,0,+47.7257721,-122.1984943,20529.0294481,Tract 022003,24267408.1636658,20529.0294480652
206,53,033,022005,53033022005,220.05,Census Tract,G5020,S,2421648,0,+47.7116198,-122.1938925,22554.624257,Tract 022005,26064530.8919678,22554.6242569494
207,53,033,022006,53033022006,220.06,Census Tract,G5020,S,1409940,0,+47.7043423,-122.1992669,20961.6197003,Tract 022006,15175432.1850586,20961.6197002773
208,53,033,022101,53033022101,221.01,Census Tract,G5020,S,3593797,1650543,+47.7418845,-122.2559170,38132.9075737,Tract 022101,56445195.2067566,38132.9075736689
209,53,033,022102,53033022102,221.02,Census Tract,G5020,S,4679991,0,+47.7424731,-122.2259260,36708.3447021,Tract 022102,50371036.3961792,36708.3447021526
210,53,033,022201,53033022201,222.01,Census Tract,G5020,S,2290376,0,+47.7263403,-122.2320467,22881.3518875,Tract 022201,24651554.8537598,22881.3518874462
211,53,033,022203,53033022203,222.03,Census Tract,G5020,S,3134027,691133,+47.7078701,-122.2247809,30509.0629135,Tract 022203,41170871.684967,30509.0629135274
212,53,033,022204,53033022204,222.04,Census Tract,G5020,S,1603105,0,+47.7259013,-122.2150408,17859.9124512,Tract 022204,17254373.6864014,17859.9124511682
213,53,033,022205,53033022205,222.05,Census Tract,G5020,S,1010783,0,+47.7124231,-122.2132077,19082.6264707,Tract 022205,10879175.8863525,19082.626470729
214,53,033,022300,53033022300,223,Census Tract,G5020,S,5071395,5537735,+47.7138279,-122.2495245,49982.4726157,Tract 022300,114187691.186005,49982.4726156833
215,53,033,022401,53033022401,224.01,Census Tract,G5020,S,2402491,0,+47.6938359,-122.1997778,26729.0038873,Tract 022401,25858472.9823303,26729.0038873421
216,53,033,022402,53033022402,224.02,Census Tract,G5020,S,2219492,4175839,+47.6839644,-122.2157333,47140.8887513,Tract 022402,68834461.3032532,47140.8887513273
217,53,033,022501,53033022501,225.01,Census Tract,G5020,S,2472567,0,+47.6842794,-122.1881832,32099.2264188,Tract 022501,26612766.7704468,32099.2264187771
218,53,033,022502,53033022502,225.02,Census Tract,G5020,S,1264562,230572,+47.6742256,-122.1993098,18974.077252,Tract 022502,16092548.5319519,18974.077251996
219,53,033,022603,53033022603,226.03,Census Tract,G5020,S,2888544,23234,+47.6948197,-122.1716302,26446.4630516,Tract 022603,31340046.4335327,26446.463051603
220,53,033,022604,53033022604,226.04,Census Tract,G5020,S,2951989,0,+47.6762219,-122.1739912,23941.2427797,Tract 022604,31773022.2290955,23941.2427797379
221,53,033,022605,53033022605,226.05,Census Tract,G5020,S,4726391,0,+47.6914611,-122.1557449,38521.0667556,Tract 022605,50871154.8771362,38521.0667555801
222,53,033,022606,53033022606,226.06,Census Tract,G5020,S,2758122,27137,+47.6689188,-122.1547915,22810.2687468,Tract 022606,29978533.9450684,22810.2687468207
223,53,033,022701,53033022701,227.01,Census Tract,G5020,S,1607170,600718,+47.6548917,-122.2056786,27805.9306995,Tract 022701,23764203.2915649,27805.9306995523
224,53,033,022702,53033022702,227.02,Census Tract,G5020,S,2457576,0,+47.6568498,-122.1942540,23068.8389163,Tract 022702,26451623.5559692,23068.838916272
225,53,033,022703,53033022703,227.03,Census Tract,G5020,S,4190224,0,+47.6573020,-122.1758428,27473.1501742,Tract 022703,45100646.6816406,27473.1501741862
226,53,033,022802,53033022802,228.02,Census Tract,G5020,S,2660768,0,+47.6634066,-122.1350036,22590.5938459,Tract 022802,28638582.7624512,22590.5938459042
227,53,033,022803,53033022803,228.03,Census Tract,G5020,S,4772681,0,+47.6439330,-122.1312723,31450.7200691,Tract 022803,51369959.1082764,31450.7200691288
228,53,033,022804,53033022804,228.04,Census Tract,G5020,S,1021697,0,+47.6379751,-122.1474819,15605.1283723,Tract 022804,10996859.3792725,15605.1283723302
229,53,033,022805,53033022805,228.05,Census Tract,G5020,S,3842917,0,+47.6486766,-122.1547452,31213.3327922,Tract 022805,41362573.5903931,31213.3327922166
230,53,033,022901,53033022901,229.01,Census Tract,G5020,S,1485129,0,+47.6366049,-122.1183889,19262.772358,Tract 022901,15984956.8630981,19262.7723580011
231,53,033,022902,53033022902,229.02,Census Tract,G5020,S,3537566,1705282,+47.6403935,-122.1022780,40309.2950885,Tract 022902,56430605.7006531,40309.2950884954
232,53,033,023000,53033023000,230,Census Tract,G5020,S,3328634,2210425,+47.6217389,-122.1029997,40860.4044281,Tract 023000,59619127.1355896,40860.4044281211
233,53,033,023100,53033023100,231,Census Tract,G5020,S,2529558,1838407,+47.5973918,-122.1103224,39027.0870175,Tract 023100,47014456.0371704,39027.0870175432
234,53,033,023201,53033023201,232.01,Census Tract,G5020,S,1569244,0,+47.6186878,-122.1376170,17999.4010479,Tract 023201,16890416.7928162,17999.4010478587
235,53,033,023202,53033023202,232.02,Census Tract,G5020,S,1491213,0,+47.6178862,-122.1271368,17627.3305905,Tract 023202,16050581.3750916,17627.3305905325
236,53,033,023300,53033023300,233,Census Tract,G5020,S,3589674,248744,+47.6003452,-122.1289619,28242.6465062,Tract 023300,41314720.1738281,28242.6465062301
237,53,033,023401,53033023401,234.01,Census Tract,G5020,S,3707558,0,+47.5868216,-122.1468183,27632.0955851,Tract 023401,39906432.8673401,27632.0955850695
238,53,033,023403,53033023403,234.03,Census Tract,G5020,S,3354192,1962037,+47.5805595,-122.1141855,38239.005627,Tract 023403,57221476.9420166,38239.0056270329
239,53,033,023404,53033023404,234.04,Census Tract,G5020,S,1838932,1746971,+47.5669902,-122.0852231,31149.4662725,Tract 023404,38597233.8624268,31149.4662724886
240,53,033,023500,53033023500,235,Census Tract,G5020,S,2443751,0,+47.5917924,-122.1734356,22264.058937,Tract 023500,26303329.6971436,22264.0589370322
241,53,033,023601,53033023601,236.01,Census Tract,G5020,S,4627061,0,+47.6104071,-122.1717598,29796.0475214,Tract 023601,49803155.4594116,29796.0475213967
242,53,033,023603,53033023603,236.03,Census Tract,G5020,S,2017794,0,+47.6173889,-122.1507628,19096.1496285,Tract 023603,21718387.5535889,19096.1496285121
243,53,033,023604,53033023604,236.04,Census Tract,G5020,S,2904411,0,+47.5993994,-122.1538559,28206.690928,Tract 023604,31261558.453186,28206.6909280277
244,53,033,023701,53033023701,237.01,Census Tract,G5020,S,4192703,0,+47.6387236,-122.1767944,33123.1666963,Tract 023701,45127637.4210205,33123.1666962838
245,53,033,023702,53033023702,237.02,Census Tract,G5020,S,3498742,18268,+47.6240320,-122.1710306,30960.08339,Tract 023702,37855022.109314,30960.0833900089
246,53,033,023801,53033023801,238.01,Census Tract,G5020,S,3621819,0,+47.5956791,-122.1891073,30707.2633655,Tract 023801,38983488.2659912,30707.2633655052
247,53,033,023805,53033023805,238.05,Census Tract,G5020,S,329175,0,+47.6192553,-122.2016602,8010.15808015,Tract 023805,3543063.07635498,8010.15808016156
248,53,033,023806,53033023806,238.06,Census Tract,G5020,S,234791,0,+47.6192524,-122.1925281,6730.33472146,Tract 023806,2527159.78253174,6730.33472146196
249,53,033,023807,53033023807,238.07,Census Tract,G5020,S,886421,0,+47.6139313,-122.1999085,16374.271971,Tract 023807,9540923.01382446,16374.2719709827
250,53,033,023808,53033023808,238.08,Census Tract,G5020,S,308971,0,+47.6119127,-122.1938322,7644.70566452,Tract 023808,3325575.26898193,7644.70566452313
251,53,033,023901,53033023901,239.01,Census Tract,G5020,S,2453360,1775304,+47.5946966,-122.2087645,28381.1739002,Tract 023901,45515241.9716797,28381.1739002161
252,53,033,023902,53033023902,239.02,Census Tract,G5020,S,2470250,2350308,+47.5690000,-122.1887548,46265.6536823,Tract 023902,51886545.5951843,46265.6536823226
253,53,033,024001,53033024001,240.01,Census Tract,G5020,S,2811309,0,+47.6320617,-122.1991210,24227.0852875,Tract 024001,30259245.7794189,24227.0852874855
254,53,033,024002,53033024002,240.02,Census Tract,G5020,S,1624655,240155,+47.6183622,-122.2121125,25874.2512779,Tract 024002,20071712.8891907,25874.2512779204
255,53,033,024100,53033024100,241,Census Tract,G5020,S,4469122,1617421,+47.6445756,-122.2199938,38389.1364401,Tract 024100,65511653.6898499,38389.1364400803
256,53,033,024200,53033024200,242,Census Tract,G5020,S,3704669,11442083,+47.6348660,-122.2402688,74021.0088344,Tract 024200,163030283.430969,74021.0088344411
257,53,033,024301,53033024301,243.01,Census Tract,G5020,S,1381432,0,+47.5820465,-122.2335430,18863.5886315,Tract 024301,14869087.3623352,18863.588631447
258,53,033,024302,53033024302,243.02,Census Tract,G5020,S,2778562,8215200,+47.5926899,-122.2449557,55341.2452478,Tract 024302,118331585.003098,55341.2452477323
259,53,033,024400,53033024400,244,Census Tract,G5020,S,1670874,514968,+47.5788389,-122.2131521,24081.0782015,Tract 024400,23527457.0695496,24081.078201492
260,53,033,024500,53033024500,245,Census Tract,G5020,S,3838553,1901481,+47.5664296,-122.2170417,41471.7646459,Tract 024500,61783541.0280914,41471.7646459007
261,53,033,024601,53033024601,246.01,Census Tract,G5020,S,3968267,2707956,+47.5484570,-122.2237277,47332.6402429,Tract 024601,71860641.5188446,47332.6402428724
262,53,033,024602,53033024602,246.02,Census Tract,G5020,S,2893266,3542006,+47.5311198,-122.2338107,36894.4307754,Tract 024602,69267586.3477478,36894.4307753752
263,53,033,024701,53033024701,247.01,Census Tract,G5020,S,2637026,0,+47.5615487,-122.1806659,28692.3897951,Tract 024701,28383992.9261169,28692.3897950894
264,53,033,024703,53033024703,247.03,Census Tract,G5020,S,3750917,0,+47.5280151,-122.1851357,29083.2014737,Tract 024703,40373925.8053436,29083.2014736603
265,53,033,024704,53033024704,247.04,Census Tract,G5020,S,2649459,804870,+47.5396112,-122.1898817,37844.4448347,Tract 024704,37181338.2775421,37844.4448347252
266,53,033,024800,53033024800,248,Census Tract,G5020,S,3770491,0,+47.5743868,-122.1520699,41309.8258697,Tract 024800,40583949.2448578,41309.8258696495
267,53,033,024901,53033024901,249.01,Census Tract,G5020,S,3024840,0,+47.5633934,-122.1568428,26964.3722809,Tract 024901,32558183.1374664,26964.3722808594
268,53,033,024902,53033024902,249.02,Census Tract,G5020,S,2029991,0,+47.5653697,-122.1337183,27975.803584,Tract 024902,21849998.7619019,27975.8035840459
269,53,033,024904,53033024904,249.04,Census Tract,G5020,S,2083512,0,+47.5461877,-122.1463703,32623.3431501,Tract 024904,22426228.874588,32623.3431501
270,53,033,024905,53033024905,249.05,Census Tract,G5020,S,2880072,0,+47.5542223,-122.1375616,34391.7167831,Tract 024905,31000015.4516449,34391.7167831415
271,53,033,025001,53033025001,250.01,Census Tract,G5020,S,3696779,28798,+47.5379558,-122.1689468,40869.8326963,Tract 025001,40100945.4893951,40869.8326962735
272,53,033,025005,53033025005,250.05,Census Tract,G5020,S,7684828,0,+47.5306824,-122.1466867,41530.765433,Tract 025005,82717483.4098358,41530.7654330632
273,53,033,025006,53033025006,250.06,Census Tract,G5020,S,22409780,0,+47.5269279,-122.0986626,70104.8078699,Tract 025006,241213247.3591,70104.8078698702
274,53,033,025007,53033025007,250.07,Census Tract,G5020,S,4176855,0,+47.5529149,-122.1054184,37654.6131384,Tract 025007,44958166.9644165,37654.6131384145
275,53,033,025008,53033025008,250.08,Census Tract,G5020,S,2260533,0,+47.5638066,-122.1122579,23999.4196653,Tract 025008,24331506.1831665,23999.4196653224
276,53,033,025101,53033025101,251.01,Census Tract,G5020,S,2935516,0,+47.5093920,-122.1549957,25224.0396611,Tract 025101,31597352.6519318,25224.0396611145
277,53,033,025103,53033025103,251.03,Census Tract,G5020,S,1599178,0,+47.4947076,-122.1557587,20935.5605783,Tract 025103,17213368.0635986,20935.5605783454
278,53,033,025104,53033025104,251.04,Census Tract,G5020,S,4632994,0,+47.4992681,-122.1355354,31323.8097861,Tract 025104,49868953.4918976,31323.8097860703
279,53,033,025201,53033025201,252.01,Census Tract,G5020,S,1699715,0,+47.5078428,-122.1923034,24984.6897965,Tract 025201,18295452.4554291,24984.6897964738
280,53,033,025202,53033025202,252.02,Census Tract,G5020,S,2767327,0,+47.5121074,-122.1764378,28818.5702301,Tract 025202,29786918.401947,28818.570230128
281,53,033,025302,53033025302,253.02,Census Tract,G5020,S,4025029,2443067,+47.4920105,-122.2153547,59691.3383032,Tract 025302,69621863.2961273,59691.3383031505
282,53,033,025303,53033025303,253.03,Census Tract,G5020,S,1888021,0,+47.4913584,-122.1998442,21125.0238213,Tract 025303,20322458.3122559,21125.023821284
283,53,033,025304,53033025304,253.04,Census Tract,G5020,S,1854877,2019824,+47.5178634,-122.2078846,30252.2202671,Tract 025304,41706463.0002289,30252.2202671226
284,53,033,025401,53033025401,254.01,Census Tract,G5020,S,1199148,0,+47.4977587,-122.1813358,18155.1262304,Tract 025401,12907432.6200409,18155.1262304215
285,53,033,025402,53033025402,254.02,Census Tract,G5020,S,1101467,0,+47.4910343,-122.1867087,15119.4482513,Tract 025402,11856079.6821136,15119.4482513026
286,53,033,025500,53033025500,255,Census Tract,G5020,S,1525774,0,+47.4970782,-122.1699572,17915.3346795,Tract 025500,16423210.7555237,17915.3346794345
287,53,033,025601,53033025601,256.01,Census Tract,G5020,S,2809358,0,+47.4828415,-122.1749934,26001.9451712,Tract 025601,30239720.7452087,26001.9451711365
288,53,033,025602,53033025602,256.02,Census Tract,G5020,S,5269483,0,+47.4777777,-122.1491990,38066.3944666,Tract 025602,56720455.2080383,38066.3944665498
289,53,033,025702,53033025702,257.02,Census Tract,G5020,S,2782780,0,+47.4635505,-122.1642790,28088.6572849,Tract 025702,29953912.0667267,28088.6572849291
290,53,033,025703,53033025703,257.03,Census Tract,G5020,S,944219,0,+47.4659530,-122.1987897,13776.3595091,Tract 025703,10163565.5004272,13776.3595090727
291,53,033,025704,53033025704,257.04,Census Tract,G5020,S,2923198,0,+47.4735006,-122.1884561,27038.3876032,Tract 025704,31465225.3812256,27038.3876032787
292,53,033,025803,53033025803,258.03,Census Tract,G5020,S,1343483,0,+47.4503896,-122.1784570,16727.2838505,Tract 025803,14461358.2243347,16727.2838504473
293,53,033,025804,53033025804,258.04,Census Tract,G5020,S,2364694,0,+47.4547820,-122.1691753,28463.6474536,Tract 025804,25453670.3181763,28463.6474535812
294,53,033,025805,53033025805,258.05,Census Tract,G5020,S,2427753,0,+47.4546858,-122.1937967,23225.5971313,Tract 025805,26132456.8240662,23225.5971312864
295,53,033,025806,53033025806,258.06,Census Tract,G5020,S,2936653,150317,+47.4550034,-122.2107374,29087.1915785,Tract 025806,33228311.9025726,29087.19157849
296,53,033,026001,53033026001,260.01,Census Tract,G5020,S,2660203,0,+47.4988699,-122.2358957,28445.5542073,Tract 026001,28634083.2638702,28445.5542072589
297,53,033,026003,53033026003,260.03,Census Tract,G5020,S,1133278,1607,+47.4792093,-122.2424677,21317.330979,Tract 026003,12215882.9802704,21317.3309789949
298,53,033,026004,53033026004,260.04,Census Tract,G5020,S,1634546,0,+47.4905387,-122.2230349,20967.3519799,Tract 026004,17594108.486496,20967.3519798354
299,53,033,026101,53033026101,261.01,Census Tract,G5020,S,2706291,7108,+47.4871294,-122.2513766,32446.7230408,Tract 026101,29206790.0077362,32446.7230408174
300,53,033,026102,53033026102,261.02,Census Tract,G5020,S,1576655,0,+47.4949418,-122.2498458,19354.7060643,Tract 026102,16970938.7835236,19354.7060642706
301,53,033,026200,53033026200,262,Census Tract,G5020,S,15386966,508436,+47.4591441,-122.2435898,57981.6937811,Tract 026200,171098522.479538,57981.6937811406
302,53,033,026300,53033026300,263,Census Tract,G5020,S,4224982,323989,+47.5036921,-122.2847033,48479.8698748,Tract 026300,48964373.6552277,48479.8698747842
303,53,033,026400,53033026400,264,Census Tract,G5020,S,4724320,294417,+47.5090918,-122.3112029,46084.5049564,Tract 026400,54020898.4150848,46084.5049564273
304,53,033,026500,53033026500,265,Census Tract,G5020,S,2045074,1625,+47.5130046,-122.3382273,27697.0726867,Tract 026500,22030303.0381165,27697.0726866656
305,53,033,026600,53033026600,266,Census Tract,G5020,S,1160392,0,+47.5128460,-122.3632681,15954.1588806,Tract 026600,12490277.8070526,15954.1588805389
306,53,033,026700,53033026700,267,Census Tract,G5020,S,3084838,419292,+47.4962149,-122.3638882,27549.1400351,Tract 026700,37718018.6628876,27549.1400350894
307,53,033,026801,53033026801,268.01,Census Tract,G5020,S,1541369,3031,+47.5076338,-122.3433587,22488.5634487,Tract 026801,16623647.0732117,22488.5634486956
308,53,033,026802,53033026802,268.02,Census Tract,G5020,S,2035736,18135,+47.4978290,-122.3413234,21664.5123843,Tract 026802,22107608.163559,21664.5123843067
309,53,033,027000,53033027000,270,Census Tract,G5020,S,1978896,12524,+47.4976819,-122.3219067,19214.1833787,Tract 027000,21435422.2724457,19214.1833787309
310,53,033,027100,53033027100,271,Census Tract,G5020,S,1566609,0,+47.4920578,-122.2998501,21343.3462095,Tract 027100,16862781.6569672,21343.346209484
311,53,033,027200,53033027200,272,Census Tract,G5020,S,3245737,84995,+47.4867948,-122.2813197,31312.6923279,Tract 027200,35851746.8688049,31312.6923279366
312,53,033,027300,53033027300,273,Census Tract,G5020,S,3549642,5405,+47.4805960,-122.2985241,25866.0894631,Tract 027300,38266352.1919098,25866.0894630573
313,53,033,027400,53033027400,274,Census Tract,G5020,S,3325455,0,+47.4827326,-122.3236114,25002.9379258,Tract 027400,35795006.4726257,25002.9379257809
314,53,033,027500,53033027500,275,Census Tract,G5020,S,2229526,0,+47.4816357,-122.3411720,20607.3756972,Tract 027500,23998528.9338837,20607.3756972372
315,53,033,027600,53033027600,276,Census Tract,G5020,S,2854126,1287647,+47.4756660,-122.3586455,38754.4735013,Tract 027600,44581927.8260803,38754.4735013367
316,53,033,027701,53033027701,277.01,Census Tract,G5020,S,44157315,9775801,+47.4509608,-122.4764915,121553.009776,Tract 027701,580540256.899719,121553.00977607
317,53,033,027702,53033027702,277.02,Census Tract,G5020,S,51502878,23418662,+47.3758443,-122.4365251,133559.491155,Tract 027702,806487247.050827,133559.491155241
318,53,033,027800,53033027800,278,Census Tract,G5020,S,2582664,1104566,+47.4515094,-122.3679231,32228.771455,Tract 027800,39689576.1990204,32228.77145499
319,53,033,027901,53033027901,279.01,Census Tract,G5020,S,1866614,156045,+47.4629628,-122.3529063,24262.6457851,Tract 027901,21771979.391571,24262.6457850307
320,53,033,027902,53033027902,279.02,Census Tract,G5020,S,1488964,0,+47.4668558,-122.3415310,18354.0363176,Tract 027902,16027207.8396606,18354.036317569
321,53,033,028000,53033028000,280,Census Tract,G5020,S,1951003,0,+47.4667160,-122.3244687,21054.177495,Tract 028000,21000624.5046539,21054.1774950254
322,53,033,028100,53033028100,281,Census Tract,G5020,S,1590422,0,+47.4687361,-122.2988958,18626.154693,Tract 028100,17119268.9920807,18626.1546929957
323,53,033,028200,53033028200,282,Census Tract,G5020,S,2658633,612,+47.4656308,-122.2755633,23587.6026378,Tract 028200,28624178.2121124,23587.6026378038
324,53,033,028300,53033028300,283,Census Tract,G5020,S,8153490,139520,+47.4314308,-122.2689984,62770.8885162,Tract 028300,89267276.0600128,62770.8885162637
325,53,033,028402,53033028402,284.02,Census Tract,G5020,S,8518208,0,+47.4504671,-122.3032766,46239.7269658,Tract 028402,91690647.0723419,46239.7269658333
326,53,033,028403,53033028403,284.03,Census Tract,G5020,S,2075832,32666,+47.4388123,-122.2834050,19246.3356527,Tract 028403,22696147.2384949,19246.3356526951
327,53,033,028500,53033028500,285,Census Tract,G5020,S,3509793,0,+47.4454085,-122.3248135,34190.837128,Tract 028500,37779743.8496246,34190.8371280764
328,53,033,028600,53033028600,286,Census Tract,G5020,S,6378626,1972936,+47.4329749,-122.3446892,54723.6365378,Tract 028600,89897507.5976715,54723.636537837
329,53,033,028700,53033028700,287,Census Tract,G5020,S,2675319,0,+47.4212394,-122.3278018,23258.3036186,Tract 028700,28797724.0556335,23258.3036186162
330,53,033,028801,53033028801,288.01,Census Tract,G5020,S,5221717,0,+47.4207125,-122.3085621,32941.645596,Tract 028801,56207664.7754822,32941.6455959863
331,53,033,028802,53033028802,288.02,Census Tract,G5020,S,2397498,415838,+47.4249280,-122.2883103,28775.9103098,Tract 028802,30283245.2372742,28775.9103097794
332,53,033,028901,53033028901,289.01,Census Tract,G5020,S,2295692,415797,+47.4026302,-122.3203514,27909.2533831,Tract 028901,29187237.8656006,27909.2533830721
333,53,033,028902,53033028902,289.02,Census Tract,G5020,S,2065170,0,+47.3993990,-122.3017520,24179.1094377,Tract 028902,22230167.0756226,24179.1094376984
334,53,033,029001,53033029001,290.01,Census Tract,G5020,S,2565840,1021619,+47.3840072,-122.3220797,27185.3909698,Tract 029001,38616761.074295,27185.390969816
335,53,033,029003,53033029003,290.03,Census Tract,G5020,S,2568431,0,+47.3825199,-122.3057587,32322.1270466,Tract 029003,27647609.0920715,32322.1270466244
336,53,033,029004,53033029004,290.04,Census Tract,G5020,S,1827762,0,+47.3798558,-122.2968868,30601.2609721,Tract 029004,19674748.9054871,30601.2609721392
337,53,033,029101,53033029101,291.01,Census Tract,G5020,S,3368999,166228,+47.3978567,-122.2786386,38712.9111211,Tract 029101,38054324.7346802,38712.9111211145
338,53,033,029102,53033029102,291.02,Census Tract,G5020,S,2567137,0,+47.3798860,-122.2841327,24992.3483217,Tract 029102,27633705.604538,24992.3483217257
339,53,033,029203,53033029203,292.03,Census Tract,G5020,S,2009030,0,+47.3862784,-122.2313781,28457.7789151,Tract 029203,21625944.339035,28457.7789151196
340,53,033,029205,53033029205,292.05,Census Tract,G5020,S,1868767,40687,+47.3878067,-122.2638518,28181.7650489,Tract 029205,20554041.7584076,28181.7650488866
341,53,033,029206,53033029206,292.06,Census Tract,G5020,S,17259980,232894,+47.4144378,-122.2433601,69283.5991855,Tract 029206,188297487.116669,69283.5991855318
342,53,033,029207,53033029207,292.07,Census Tract,G5020,S,2255652,1263,+47.4044643,-122.2110851,28910.057293,Tract 029207,24294029.3833466,28910.0572929615
343,53,033,029208,53033029208,292.08,Census Tract,G5020,S,1978624,423,+47.3929289,-122.2206867,21652.833508,Tract 029208,21303077.0835724,21652.8335079937
344,53,033,029304,53033029304,293.04,Census Tract,G5020,S,4162138,507,+47.4385923,-122.1691860,27020.6697518,Tract 029304,44807219.3419952,27020.6697518293
345,53,033,029305,53033029305,293.05,Census Tract,G5020,S,2897230,2246,+47.4219143,-122.2114434,22923.3236604,Tract 029305,31210555.5486755,22923.3236603646
346,53,033,029306,53033029306,293.06,Census Tract,G5020,S,2372866,182821,+47.4214221,-122.1801056,20992.1922891,Tract 029306,27509923.8228149,20992.1922890745
347,53,033,029307,53033029307,293.07,Census Tract,G5020,S,3830941,39589,+47.4218407,-122.1594823,26347.7503579,Tract 029307,41663188.4301758,26347.7503579628
348,53,033,029308,53033029308,293.08,Census Tract,G5020,S,1347848,0,+47.4377350,-122.1916538,16228.0863531,Tract 029308,14508402.8507538,16228.0863531484
349,53,033,029309,53033029309,293.09,Census Tract,G5020,S,2261673,0,+47.4363871,-122.2072334,21294.6163587,Tract 029309,24344962.8108826,21294.6163586514
350,53,033,029403,53033029403,294.03,Census Tract,G5020,S,2407379,385,+47.4094803,-122.2003764,20836.8589917,Tract 029403,25917796.3830872,20836.8589917067
351,53,033,029405,53033029405,294.05,Census Tract,G5020,S,2492138,0,+47.4089182,-122.1759183,21074.1763056,Tract 029405,26826012.9573822,21074.1763055396
352,53,033,029406,53033029406,294.06,Census Tract,G5020,S,2620731,89031,+47.3974254,-122.1786815,22017.9871851,Tract 029406,29168780.5976868,22017.9871850676
353,53,033,029407,53033029407,294.07,Census Tract,G5020,S,1334702,0,+47.3941343,-122.2018618,18167.6609365,Tract 029407,14367190.0031891,18167.6609365254
354,53,033,029408,53033029408,294.08,Census Tract,G5020,S,1263995,0,+47.3947994,-122.1917809,19416.389533,Tract 029408,13606070.5807648,19416.3895330344
355,53,033,029504,53033029504,295.04,Census Tract,G5020,S,1883417,0,+47.3797202,-122.1945496,18236.1929628,Tract 029504,20273849.6759796,18236.1929627459
356,53,033,029505,53033029505,295.05,Census Tract,G5020,S,1408180,0,+47.3803885,-122.2083785,15761.1793477,Tract 029505,15158179.8702393,15761.1793477031
357,53,033,029506,53033029506,295.06,Census Tract,G5020,S,953757,0,+47.3697588,-122.1987143,18618.2465309,Tract 029506,10266664.4147797,18618.2465308677
358,53,033,029507,53033029507,295.07,Census Tract,G5020,S,1749224,0,+47.3671453,-122.1743525,18847.5351443,Tract 029507,18829453.9279022,18847.5351443362
359,53,033,029508,53033029508,295.08,Census Tract,G5020,S,2562172,34833,+47.3851005,-122.1787790,21149.9970777,Tract 029508,27955187.2449799,21149.9970776843
360,53,033,029602,53033029602,296.02,Census Tract,G5020,S,6665522,47921,+47.3382029,-122.1880797,41181.4697903,Tract 029602,72267467.7288055,41181.4697902748
361,53,033,029603,53033029603,296.03,Census Tract,G5020,S,1543490,5693,+47.3615608,-122.1880658,18577.8753973,Tract 029603,16676118.2911682,18577.8753972688
362,53,033,029604,53033029604,296.04,Census Tract,G5020,S,2407546,64463,+47.3535767,-122.1823359,26578.8186523,Tract 029604,26609991.3627472,26578.8186523227
363,53,033,029701,53033029701,297.01,Census Tract,G5020,S,3422205,19062,+47.3748371,-122.2271478,38255.3349327,Tract 029701,37043247.7223206,38255.3349327517
364,53,033,029702,53033029702,297.02,Census Tract,G5020,S,7757183,215197,+47.3588998,-122.2224780,59496.8899504,Tract 029702,85818646.6996002,59496.8899504502
365,53,033,029803,53033029803,298.03,Census Tract,G5020,S,5399602,152809,+47.3647476,-122.2637248,38127.7704519,Tract 029803,59768629.5845184,38127.7704518977
366,53,033,029804,53033029804,298.04,Census Tract,G5020,S,2506782,0,+47.3614589,-122.2825109,27375.9400476,Tract 029804,26984211.6091919,27375.9400476076
367,53,033,029805,53033029805,298.05,Census Tract,G5020,S,3167566,2878,+47.3399246,-122.2716387,31104.2941345,Tract 029805,34128604.5444641,31104.2941344926
368,53,033,029806,53033029806,298.06,Census Tract,G5020,S,3690363,170101,+47.3499788,-122.2771826,34281.0143091,Tract 029806,41556093.4670258,34281.0143090752
369,53,033,029901,53033029901,299.01,Census Tract,G5020,S,3958812,107134,+47.3240587,-122.2823360,27048.5816061,Tract 029901,43768612.0077972,27048.5816061164
370,53,033,029902,53033029902,299.02,Census Tract,G5020,S,6244310,0,+47.3205788,-122.2617029,40517.7479999,Tract 029902,67218073.1753998,40517.747999908
371,53,033,030003,53033030003,300.03,Census Tract,G5020,S,4604664,963078,+47.3588458,-122.3152313,42666.4381778,Tract 030003,59933986.6382294,42666.438177785
372,53,033,030005,53033030005,300.05,Census Tract,G5020,S,2163062,0,+47.3365978,-122.3028494,19395.763909,Tract 030005,23284503.8061371,19395.7639090604
373,53,033,030006,53033030006,300.06,Census Tract,G5020,S,1993786,164002,+47.3240403,-122.3041394,18976.2940646,Tract 030006,23227887.9289551,18976.2940646114
374,53,033,030007,53033030007,300.07,Census Tract,G5020,S,643528,0,+47.3531290,-122.3075675,11725.2211208,Tract 030007,6927302.41291809,11725.2211208064
375,53,033,030008,53033030008,300.08,Census Tract,G5020,S,1407520,0,+47.3487317,-122.3015522,20378.3633205,Tract 030008,15151281.2042999,20378.3633204985
376,53,033,030101,53033030101,301.01,Census Tract,G5020,S,3316611,1920873,+47.3332218,-122.3577607,42822.7110582,Tract 030101,56379543.0350952,42822.7110581643
377,53,033,030102,53033030102,301.02,Census Tract,G5020,S,2586301,0,+47.3381770,-122.3285768,27507.5083638,Tract 030102,27840496.7817383,27507.5083637875
378,53,033,030201,53033030201,302.01,Census Tract,G5020,S,2807515,64020,+47.3206958,-122.3487088,22818.0639886,Tract 030201,30911154.0488892,22818.0639885613
379,53,033,030203,53033030203,302.03,Census Tract,G5020,S,1488981,0,+47.3194456,-122.3249090,18328.7928849,Tract 030203,16028413.0452423,18328.7928848265
380,53,033,030204,53033030204,302.04,Census Tract,G5020,S,1789757,0,+47.3284826,-122.3216107,20503.1279579,Tract 030204,19266115.7046204,20503.1279578524
381,53,033,030304,53033030304,303.04,Census Tract,G5020,S,7535865,0,+47.2766850,-122.3301341,43668.5110446,Tract 030304,81123127.4953995,43668.5110446163
382,53,033,030305,53033030305,303.05,Census Tract,G5020,S,3819389,999771,+47.3189904,-122.3888642,33996.6972346,Tract 030305,51876776.0328827,33996.6972346253
383,53,033,030306,53033030306,303.06,Census Tract,G5020,S,3705307,630354,+47.3130408,-122.3996459,39006.6368442,Tract 030306,46672276.8478241,39006.6368442365
384,53,033,030308,53033030308,303.08,Census Tract,G5020,S,2154063,0,+47.3083168,-122.3520249,20264.8243525,Tract 030308,23187977.7582855,20264.8243525457
385,53,033,030309,53033030309,303.09,Census Tract,G5020,S,2194432,27034,+47.3034962,-122.3373003,25113.7479104,Tract 030309,23913612.0948029,25113.7479103845
386,53,033,030310,53033030310,303.10,Census Tract,G5020,S,3205496,0,+47.2901057,-122.3495936,24509.3430163,Tract 030310,34506642.0287704,24509.3430163014
387,53,033,030311,53033030311,303.11,Census Tract,G5020,S,1900457,3993,+47.3078811,-122.3685730,21015.1672399,Tract 030311,20500931.022049,21015.1672398494
388,53,033,030312,53033030312,303.12,Census Tract,G5020,S,1853047,0,+47.2932142,-122.3682021,21364.405044,Tract 030312,19947781.2978668,21364.4050440545
389,53,033,030313,53033030313,303.13,Census Tract,G5020,S,4061855,0,+47.3002007,-122.3138424,34015.7883054,Tract 030313,43725073.1424103,34015.7883054367
390,53,033,030314,53033030314,303.14,Census Tract,G5020,S,2492084,0,+47.3080966,-122.3237353,20427.8637454,Tract 030314,26826675.7747192,20427.8637453629
391,53,033,030403,53033030403,304.03,Census Tract,G5020,S,3758274,6562,+47.2677487,-122.3092311,31509.5569863,Tract 030403,40528425.6730728,31509.5569862718
392,53,033,030404,53033030404,304.04,Census Tract,G5020,S,5998037,215746,+47.2674240,-122.2759315,39638.3482236,Tract 030404,66891251.8720551,39638.3482236043
393,53,033,030405,53033030405,304.05,Census Tract,G5020,S,4929005,87963,+47.2908056,-122.2702520,36671.9319057,Tract 030405,54006927.9669189,36671.9319056724
394,53,033,030406,53033030406,304.06,Census Tract,G5020,S,2680316,70290,+47.2857643,-122.2897663,28662.5641414,Tract 030406,29609962.3553925,28662.564141401
395,53,033,030407,53033030407,304.07,Census Tract,G5020,S,4497215,184183,+47.3109875,-122.2864180,32326.0635148,Tract 030407,50394208.2158051,32326.0635148327
396,53,033,030501,53033030501,305.01,Census Tract,G5020,S,11369294,43830,+47.3273852,-122.2353377,50618.3437179,Tract 030501,122858293.613068,50618.3437179102
397,53,033,030503,53033030503,305.03,Census Tract,G5020,S,3121911,64270,+47.3427791,-122.2131216,29471.9234221,Tract 030503,34297856.7819519,29471.9234221363
398,53,033,030504,53033030504,305.04,Census Tract,G5020,S,1524224,42762,+47.3211155,-122.2135048,18977.8763014,Tract 030504,16868118.3869019,18977.8763014498
399,53,033,030600,53033030600,306,Census Tract,G5020,S,3379427,77105,+47.3069144,-122.2074969,37719.4242655,Tract 030600,37208690.1382141,37719.4242655766
400,53,033,030700,53033030700,307,Census Tract,G5020,S,1553394,0,+47.2971234,-122.2215759,17513.4821889,Tract 030700,16721994.6476593,17513.4821889297
401,53,033,030801,53033030801,308.01,Census Tract,G5020,S,6956937,33590,+47.2882624,-122.2362214,52797.8754314,Tract 030801,75252145.8659744,52797.8754314014
402,53,033,030802,53033030802,308.02,Census Tract,G5020,S,1385571,0,+47.2861014,-122.2136873,18850.7711364,Tract 030802,14915483.0587845,18850.771136388
403,53,033,030901,53033030901,309.01,Census Tract,G5020,S,3121700,0,+47.2807128,-122.2531121,29902.8393415,Tract 030901,33604878.6876678,29902.8393415263
404,53,033,030902,53033030902,309.02,Census Tract,G5020,S,3905389,46988,+47.2657557,-122.2444934,32076.7400792,Tract 030902,42547301.9445877,32076.740079238
405,53,033,031000,53033031000,310,Census Tract,G5020,S,12462097,292603,+47.2689510,-122.1862092,55483.038421,Tract 031000,137304038.572342,55483.0384210371
406,53,033,031101,53033031101,311.01,Census Tract,G5020,S,4989541,64354,+47.2932886,-122.1877375,36695.9168772,Tract 031101,54404336.4825134,36695.9168771804
407,53,033,031102,53033031102,311.02,Census Tract,G5020,S,2316959,60932,+47.2834938,-122.1949103,30471.5215286,Tract 031102,25597739.9761887,30471.5215286153
408,53,033,031202,53033031202,312.02,Census Tract,G5020,S,66574091,1019606,+47.2520052,-122.0674874,153974.370314,Tract 031202,727652072.333603,153974.370313979
409,53,033,031204,53033031204,312.04,Census Tract,G5020,S,36877757,601520,+47.3063880,-122.1299110,100987.252108,Tract 031204,403456097.69194,100987.252108192
410,53,033,031206,53033031206,312.06,Census Tract,G5020,S,3633545,59492,+47.3135679,-122.1836163,37310.3897859,Tract 031206,39754557.6692505,37310.3897858777
411,53,033,031207,53033031207,312.07,Census Tract,G5020,S,3261583,3323,+47.3314691,-122.1622948,34270.2112915,Tract 031207,35145510.5641479,34270.2112915243
412,53,033,031208,53033031208,312.08,Census Tract,G5020,S,2618661,38070,+47.3222578,-122.1936851,32866.495189,Tract 031208,28598845.6917114,32866.4951889587
413,53,033,031301,53033031301,313.01,Census Tract,G5020,S,32978507,459434,+47.2046996,-122.0589541,102263.821438,Tract 031301,359973045.020798,102263.821437634
414,53,033,031302,53033031302,313.02,Census Tract,G5020,S,10837906,111632,+47.1859751,-122.0119002,54393.439809,Tract 031302,117877730.97699,54393.4398090213
415,53,033,031400,53033031400,314,Census Tract,G5020,S,6362544,1179,+47.2066360,-121.9889145,37048.755632,Tract 031400,68508260.4991837,37048.7556320311
416,53,033,031501,53033031501,315.01,Census Tract,G5020,S,161493800,2001827,+47.3203800,-121.8791431,289802.2846,Tract 031501,1759976984.8891,289802.284599562
417,53,033,031502,53033031502,315.02,Census Tract,G5020,S,1025836912,9158672,+47.2402889,-121.6344475,731681.852082,Tract 031502,11141904357.8853,731681.852081899
418,53,033,031601,53033031601,316.01,Census Tract,G5020,S,14669540,418506,+47.3317137,-122.0861127,60986.9518333,Tract 031601,162417461.702484,60986.9518332475
419,53,033,031603,53033031603,316.03,Census Tract,G5020,S,55964494,1522722,+47.3236554,-121.9918220,147464.801654,Tract 031603,618829618.088524,147464.801653566
420,53,033,031604,53033031604,316.04,Census Tract,G5020,S,4153703,3229,+47.3543713,-122.0323107,30006.6958392,Tract 031604,44747444.0306396,30006.695839208
421,53,033,031605,53033031605,316.05,Census Tract,G5020,S,15390911,1564307,+47.3232517,-122.0465811,67027.4153837,Tract 031605,182517709.055115,67027.4153836348
422,53,033,031704,53033031704,317.04,Census Tract,G5020,S,5719420,12142,+47.3485353,-122.1451841,36849.8326797,Tract 031704,61697611.0139618,36849.8326797481
423,53,033,031705,53033031705,317.05,Census Tract,G5020,S,5049492,4701,+47.3824059,-122.1154859,34388.5531986,Tract 031705,54405398.5831451,34388.5531985799
424,53,033,031707,53033031707,317.07,Census Tract,G5020,S,3703354,19146,+47.3804384,-122.1546595,27995.5249493,Tract 031707,40070499.931839,27995.5249493058
425,53,033,031708,53033031708,317.08,Census Tract,G5020,S,3437397,623236,+47.3646051,-122.1480260,28025.1232135,Tract 031708,43710595.8821869,28025.1232134672
426,53,033,031709,53033031709,317.09,Census Tract,G5020,S,2145617,17381,+47.3671678,-122.1216212,21269.0174638,Tract 031709,23283509.0627441,21269.0174638318
427,53,033,031710,53033031710,317.10,Census Tract,G5020,S,2038633,0,+47.3611079,-122.1118518,23741.652167,Tract 031710,21944852.4226227,23741.6521670077
428,53,033,031800,53033031800,318,Census Tract,G5020,S,24906521,3267355,+47.4085335,-122.1178188,78482.0511448,Tract 031800,303271030.662796,78482.0511447638
429,53,033,031904,53033031904,319.04,Census Tract,G5020,S,18890095,168049,+47.4681599,-122.0626090,71992.536844,Tract 031904,205142080.133362,71992.5368440008
430,53,033,031906,53033031906,319.06,Census Tract,G5020,S,10565748,589118,+47.4368923,-122.0929679,50950.7644316,Tract 031906,120072016.054672,50950.7644316352
431,53,033,031908,53033031908,319.08,Census Tract,G5020,S,1827093,0,+47.4471071,-122.1427639,21565.9145535,Tract 031908,19667012.1483612,21565.9145534601
432,53,033,031909,53033031909,319.09,Census Tract,G5020,S,1916061,0,+47.4378388,-122.1434771,27217.0162607,Tract 031909,20624711.6179504,27217.0162607134
433,53,033,031910,53033031910,319.10,Census Tract,G5020,S,3322022,0,+47.4583518,-122.1374379,29998.0645829,Tract 031910,35758379.9395447,29998.0645829113
434,53,033,031911,53033031911,319.11,Census Tract,G5020,S,2397112,0,+47.4464533,-122.1201591,23627.1583468,Tract 031911,25802739.1549988,23627.1583468316
435,53,033,031912,53033031912,319.12,Census Tract,G5020,S,7672904,0,+47.4879638,-122.1052429,53542.144667,Tract 031912,82590525.3465576,53542.1446670089
436,53,033,031913,53033031913,319.13,Census Tract,G5020,S,4071514,0,+47.4712497,-122.1214769,36672.8063667,Tract 031913,43825742.2396088,36672.8063667158
437,53,033,032002,53033032002,320.02,Census Tract,G5020,S,27565794,180822,+47.4207619,-122.0475285,93216.7766189,Tract 032002,298668691.832062,93216.7766188763
438,53,033,032003,53033032003,320.03,Census Tract,G5020,S,121672955,304929,+47.4409399,-121.9259862,199617.203399,Tract 032003,1312993680.90849,199617.203398542
439,53,033,032005,53033032005,320.05,Census Tract,G5020,S,6258304,123230,+47.3733054,-122.0848083,41672.7837695,Tract 032005,68693552.9197998,41672.7837695139
440,53,033,032006,53033032006,320.06,Census Tract,G5020,S,7614212,122944,+47.3499202,-122.0803474,45847.7538592,Tract 032006,83286987.682663,45847.7538592504
441,53,033,032007,53033032007,320.07,Census Tract,G5020,S,11642036,143682,+47.3911627,-122.0736583,68653.9433914,Tract 032007,126865406.032516,68653.9433913411
442,53,033,032008,53033032008,320.08,Census Tract,G5020,S,2292972,157783,+47.3645060,-122.0492466,24772.0082637,Tract 032008,26381057.0144348,24772.008263685
443,53,033,032010,53033032010,320.10,Census Tract,G5020,S,5282446,0,+47.3791911,-122.0247031,49033.9109882,Tract 032010,56862371.7388,49033.9109882035
444,53,033,032011,53033032011,320.11,Census Tract,G5020,S,3321208,280902,+47.3671108,-122.0301640,27701.5944823,Tract 032011,38774789.4985962,27701.5944823059
445,53,033,032102,53033032102,321.02,Census Tract,G5020,S,79709009,90596,+47.4851507,-121.9657839,131282.236272,Tract 032102,858954421.472595,131282.236271804
446,53,033,032103,53033032103,321.03,Census Tract,G5020,S,3987303,0,+47.5385933,-122.0479034,38239.7000618,Tract 032103,42918171.0441895,38239.7000617839
447,53,033,032104,53033032104,321.04,Census Tract,G5020,S,22279675,0,+47.5049542,-122.0533488,68335.1200086,Tract 032104,239814780.371185,68335.12000856
448,53,033,032207,53033032207,322.07,Census Tract,G5020,S,4627754,1325468,+47.5834873,-122.0602972,47159.0602744,Tract 032207,64077849.0775146,47159.0602743564
449,53,033,032211,53033032211,322.11,Census Tract,G5020,S,2975309,0,+47.5798212,-122.0193634,30696.9761144,Tract 032211,32024895.0420532,30696.9761144212
450,53,033,032213,53033032213,322.13,Census Tract,G5020,S,4042487,286842,+47.5852426,-121.9861175,32655.8053999,Tract 032213,46598808.7791443,32655.8053999285
451,53,033,032215,53033032215,322.15,Census Tract,G5020,S,15951833,10175,+47.6066963,-121.9869787,72028.5086688,Tract 032215,171806148.698975,72028.5086688511
452,53,033,032216,53033032216,322.16,Census Tract,G5020,S,4324748,0,+47.6036467,-122.0467685,30321.2126395,Tract 032216,46549296.2400208,30321.2126395384
453,53,033,032217,53033032217,322.17,Census Tract,G5020,S,5744875,5098073,+47.5968734,-122.0720001,55481.5667298,Tract 032217,116707956.041107,55481.5667298027
454,53,033,032218,53033032218,322.18,Census Tract,G5020,S,4381829,28938,+47.5713149,-122.0385650,42967.8631643,Tract 032218,47475688.879303,42967.8631643143
455,53,033,032219,53033032219,322.19,Census Tract,G5020,S,6523248,961466,+47.5558944,-122.0495856,47618.9460711,Tract 032219,80562696.2245331,47618.9460711166
456,53,033,032220,53033032220,322.20,Census Tract,G5020,S,6091125,0,+47.5468306,-122.0152219,35063.2767978,Tract 032220,65562834.273468,35063.2767978177
457,53,033,032221,53033032221,322.21,Census Tract,G5020,S,35573754,7767,+47.5496906,-121.9549377,95466.0730904,Tract 032221,382986376.049698,95466.0730903842
458,53,033,032222,53033032222,322.22,Census Tract,G5020,S,1281699,0,+47.5715386,-121.9981579,17767.1788819,Tract 032222,13795677.7083435,17767.1788819265
459,53,033,032223,53033032223,322.23,Census Tract,G5020,S,2090794,42596,+47.5645237,-122.0151668,22098.534514,Tract 032223,22963003.7324829,22098.534514015
460,53,033,032224,53033032224,322.24,Census Tract,G5020,S,3018668,0,+47.5948656,-122.0221409,23164.6038858,Tract 032224,32491452.7427673,23164.6038857972
461,53,033,032225,53033032225,322.25,Census Tract,G5020,S,3809641,44579,+47.6102663,-122.0264751,28255.453093,Tract 032225,41484685.9446716,28255.4530930206
462,53,033,032307,53033032307,323.07,Census Tract,G5020,S,11589621,234335,+47.7541282,-122.1018928,55734.8273682,Tract 032307,127261336.564453,55734.8273681484
463,53,033,032311,53033032311,323.11,Census Tract,G5020,S,23710057,92770,+47.7515039,-122.0387481,73151.9284576,Tract 032311,256190150.823853,73151.9284575916
464,53,033,032313,53033032313,323.13,Census Tract,G5020,S,13092583,415255,+47.6704667,-122.0889458,55456.5650771,Tract 032313,145388524.919647,55456.5650771117
465,53,033,032315,53033032315,323.15,Census Tract,G5020,S,44513525,1359055,+47.6642529,-121.9767890,120416.826451,Tract 032315,493739649.402008,120416.826451065
466,53,033,032316,53033032316,323.16,Census Tract,G5020,S,6235320,2556870,+47.6392224,-122.0712450,53692.7598034,Tract 032316,94633470.4632568,53692.7598033812
467,53,033,032317,53033032317,323.17,Census Tract,G5020,S,4393664,0,+47.6276165,-122.0479850,32195.1073436,Tract 032317,47290713.7940979,32195.1073435984
468,53,033,032318,53033032318,323.18,Census Tract,G5020,S,7326618,28260,+47.6372150,-122.0394458,47071.7154133,Tract 032318,79163258.3408203,47071.7154132713
469,53,033,032319,53033032319,323.19,Census Tract,G5020,S,6867974,0,+47.7595594,-122.1476069,48009.7912915,Tract 032319,73919955.4976501,48009.791291521
470,53,033,032320,53033032320,323.20,Census Tract,G5020,S,9661905,40422,+47.7564769,-122.1244452,55924.3544075,Tract 032320,104426247.913269,55924.3544075089
471,53,033,032321,53033032321,323.21,Census Tract,G5020,S,12781170,0,+47.7180124,-122.1262416,57289.1792625,Tract 032321,137565432.061829,57289.1792624227
472,53,033,032322,53033032322,323.22,Census Tract,G5020,S,4628580,0,+47.7262356,-122.0977000,31966.6566388,Tract 032322,49817882.0999756,31966.6566387649
473,53,033,032323,53033032323,323.23,Census Tract,G5020,S,3291835,0,+47.6986018,-122.1117667,26674.568503,Tract 032323,35430609.6491699,26674.5685030362
474,53,033,032324,53033032324,323.24,Census Tract,G5020,S,2048589,0,+47.6855267,-122.1199841,25346.8535136,Tract 032324,22049418.8211975,25346.853513533
475,53,033,032325,53033032325,323.25,Census Tract,G5020,S,2212937,0,+47.6864819,-122.1049565,26700.9516194,Tract 032325,23818338.6247253,26700.9516193599
476,53,033,032326,53033032326,323.26,Census Tract,G5020,S,10288287,0,+47.7242618,-122.0785815,61582.0108201,Tract 032326,110734207.105591,61582.0108200581
477,53,033,032327,53033032327,323.27,Census Tract,G5020,S,16167035,114301,+47.7094527,-122.0423942,68491.5158512,Tract 032327,175238435.751648,68491.5158512372
478,53,033,032328,53033032328,323.28,Census Tract,G5020,S,8504236,0,+47.6641638,-122.0461286,52365.248275,Tract 032328,91533480.952301,52365.2482749427
479,53,033,032330,53033032330,323.30,Census Tract,G5020,S,4649727,0,+47.6899362,-122.1381057,38284.3526445,Tract 032330,50045942.0990601,38284.3526444405
480,53,033,032331,53033032331,323.31,Census Tract,G5020,S,1440138,0,+47.6723963,-122.1210863,20812.8331022,Tract 032331,15500591.9941711,20812.8331022653
481,53,033,032332,53033032332,323.32,Census Tract,G5020,S,4774596,0,+47.6794897,-122.0383201,33894.3578804,Tract 032332,51390059.6345215,33894.3578803784
482,53,033,032333,53033032333,323.33,Census Tract,G5020,S,4878002,0,+47.6877305,-122.0213688,31818.0472402,Tract 032333,52502940.0024414,31818.0472402208
483,53,033,032401,53033032401,324.01,Census Tract,G5020,S,56328122,1081012,+47.7463169,-121.9478740,145555.551346,Tract 032401,617896843.702148,145555.551346197
484,53,033,032402,53033032402,324.02,Census Tract,G5020,S,25143316,628419,+47.7055790,-121.9488126,94106.6353736,Tract 032402,277385451.77417,94106.6353735957
485,53,033,032500,53033032500,325,Census Tract,G5020,S,213738466,3896831,+47.7019073,-121.8274607,318923.175793,Tract 032500,2342441971.0412,318923.175793075
486,53,033,032601,53033032601,326.01,Census Tract,G5020,S,61227726,1116537,+47.5815990,-121.8693353,158257.022231,Tract 032601,671043279.657654,158257.022230732
487,53,033,032603,53033032603,326.03,Census Tract,G5020,S,12385870,427271,+47.5505897,-121.8677826,62214.5989858,Tract 032603,137916135.600327,62214.5989858345
488,53,033,032604,53033032604,326.04,Census Tract,G5020,S,12971916,81082,+47.5218155,-121.8815284,63192.0872683,Tract 032604,140499319.398621,63192.0872683039
489,53,033,032605,53033032605,326.05,Census Tract,G5020,S,4530738,131898,+47.5368811,-121.9007672,35019.9126339,Tract 032605,50187209.520462,35019.9126339108
490,53,033,032703,53033032703,327.03,Census Tract,G5020,S,9930977,181212,+47.5143018,-121.8179238,74493.9589797,Tract 032703,108845331.784729,74493.9589796697
491,53,033,032704,53033032704,327.04,Census Tract,G5020,S,16775239,545880,+47.4933201,-121.7720910,106689.286114,Tract 032704,186443514.931213,106689.286114074
492,53,033,032705,53033032705,327.05,Census Tract,G5020,S,52619291,582390,+47.4666205,-121.8050261,130434.685535,Tract 032705,572666497.966629,130434.685534573
493,53,033,032706,53033032706,327.06,Census Tract,G5020,S,458845767,11916761,+47.4631821,-121.4989644,478392.368394,Tract 032706,5067381610.6673,478392.368394539
494,53,033,032800,53033032800,328,Census Tract,G5020,S,1390641456,27389939,+47.6530738,-121.4312774,669280.908299,Tract 032800,15262735285.1955,669280.908298777
495,53,033,990100,53033990100,9901,Census Tract,G5020,S,0,240227879,+47.5114466,-122.4154275,648226.730436,Tract 990100,2585783320.77782,648226.73043549
